cgaxis;*cgaxis*
4k;*4k*
marble;*marble*
pavement;*pavement*
metal;*metal*
road;*road*
fabrics;*fabrics*
roads;*roads*
cyan;*cyan*
aluminum;*aluminum*
layered;*layered*
brushed;*brushed*
copper;*copper*
metals;*metals*
grid;*grid*
pavemetns;*pavemetns*
fabric;*fabric*
quilted;*quilted*
concrete;*concrete*
black;*black*
leather;*leather*
red;*red*
brown;*brown*
blue;*blue*
wool;*wool*
grey;*grey*
checkered;*checkered*
green;*green*
white;*white*
beige;*beige*
orange;*orange*
striped;*striped*
dirty;*dirty*
jeans;*jeans*
stitched;*stitched*
old;*old*
braided;*braided*
yellow;*yellow*
pink;*pink*
purple;*purple*
patterned;*patterned*
scratched;*scratched*
panels;*panels*
golden;*golden*
rusted;*rusted*
stained;*stained*
painted;*painted*
ledges;*ledges*
welded;*welded*
damaged;*damaged*
foil;*foil*
brass;*brass*
tiles;*tiles*
triangle;*triangle*
hexagonal;*hexagonal*
shaped;*shaped*
pavenet;*pavenet*
pentagonal;*pentagonal*
wet;*wet*
herringone;*herringone*
firewood;*firewood*
mountain;*mountain*
crystals;*crystals*
chipboard;*chipboard*
tall;*tall*
litter;*litter*
chains;*chains*
pine;*pine*
needles;*needles*
plants;*plants*
drit;*drit*
conncrete;*conncrete*
dense;*dense*
circle;*circle*
doors;*doors*
shutter;*shutter*
layers;*layers*
cutted;*cutted*
helmet;*helmet*
hangar;*hangar*
mine;*mine*
stacked;*stacked*
barrel;*barrel*
streaks;*streaks*
brain;*brain*
tissue;*tissue*
growths;*growths*
gray;*gray*
maggots;*maggots*
infected;*infected*
flesh;*flesh*
large;*large*
tongue;*tongue*
twisted;*twisted*
violet;*violet*
crust;*crust*
containers;*containers*
displays;*displays*
shelves;*shelves*
panther;*panther*
polished;*polished*
window;*window*
sandbags;*sandbags*
meat;*meat*
paint;*paint*
plate;*plate*
forest;*forest*
bloody;*bloody*
bones;*bones*
plywood;*plywood*
chain;*chain*
plates;*plates*
moss;*moss*
spots;*spots*
snowy;*snowy*
trapezoidal;*trapezoidal*
granite;*granite*
box;*box*
bunker;*bunker*
village;*village*
ornaments;*ornaments*
shield;*shield*
graffiti;*graffiti*
bark;*bark*
tree;*tree*
footprints;*footprints*
ice;*ice*
long;*long*
rails;*rails*
decor;*decor*
worn;*worn*
pebbles;*pebbles*
mossy;*mossy*
reinforcements;*reinforcements*
cardboard;*cardboard*
tank;*tank*
fuel;*fuel*
explosive;*explosive*
animal;*animal*
scrathed;*scrathed*
plating;*plating*
turned;*turned*
chaotic;*chaotic*
conrete;*conrete*
pattern;*pattern*
cliff;*cliff*
vertical;*vertical*
flaky;*flaky*
muddy;*muddy*
flat;*flat*
shells;*shells*
explosion;*explosion*
hole;*hole*
shutters;*shutters*
gun;*gun*
zombie;*zombie*
pebble;*pebble*
house;*house*
metalic;*metalic*
rock;*rock*
ceiling;*ceiling*
lanes;*lanes*
roadside;*roadside*
stone;*stone*
tracks;*tracks*
railroad;*railroad*
dark;*dark*
dirt;*dirt*
puddles;*puddles*
double;*double*
tram;*tram*
shiny;*shiny*
sandstone;*sandstone*
irregular;*irregular*
sandy;*sandy*
pathway;*pathway*
arc;*arc*
light;*light*
regular;*regular*
cube;*cube*
leaves;*leaves*
cracked;*cracked*
8k;*8k*
wall;*wall*
military;*military*
medieval;*medieval*
space;*space*
organic;*organic*
destruction;*destruction*
skin;*skin*
creature;*creature*
brick;*brick*
ship;*ship*
rubble;*rubble*
station;*station*
wooden;*wooden*
castle;*castle*
bullet;*bullet*
windows;*windows*
wood;*wood*
holes;*holes*
camo;*camo*
container;*container*
floor;*floor*
gate;*gate*
padded;*padded*
supply;*supply*
reinforced;*reinforced*
armor;*armor*
desert;*desert*
grate;*grate*
insect;*insect*
alien;*alien*
case;*case*
mail;*mail*
rusty;*rusty*
planks;*planks*
stones;*stones*
triangular;*triangular*
shell;*shell*
guts;*guts*
asphalt;*asphalt*
bullets;*bullets*
round;*round*
decorative;*decorative*
plaster;*plaster*
water;*water*
parts;*parts*
engine;*engine*
hatches;*hatches*
dusty;*dusty*
blood;*blood*
dragon;*dragon*
square;*square*
broken;*broken*
burnt;*burnt*
masked;*masked*
mud;*mud*
hatch;*hatch*
wrinkled;*wrinkled*
spiky;*spiky*
scales;*scales*
belt;*belt*
grenade;*grenade*
flaked;*flaked*
camouflaging;*camouflaging*
roof;*roof*
skulls;*skulls*
ceramic;*ceramic*
tubing;*tubing*
silver;*silver*
lights;*lights*
solar;*solar*
diagonal;*diagonal*
screens;*screens*
display;*display*
tentacles;*tentacles*
stack;*stack*
nest;*nest*
spikes;*spikes*
coral;*coral*
dead;*dead*
pores;*pores*
scale;*scale*
tent;*tent*
frame;*frame*
ration;*ration*
bag;*bag*
winter;*winter*
aircraft;*aircraft*
door;*door*
sticks;*sticks*
wallpaper;*wallpaper*
gold;*gold*
bruised;*bruised*
walls;*walls*
rocks;*rocks*
tile;*tile*
logs;*logs*
bricks;*bricks*
snow;*snow*
rough;*rough*
parquet;*parquet*
[8k];*[8k]*
parquets;*parquets*
soil;*soil*
pavements;*pavements*
fine;*fine*
grass;*grass*
strip;*strip*
dry;*dry*
sand;*sand*
gravel;*gravel*
covering;*covering*
small;*small*
panel;*panel*
basket;*basket*
closeup;*closeup*
frozen;*frozen*
cement;*cement*
chevron;*chevron*
herringbone;*herringbone*
furry;*furry*
stucco;*stucco*
baroque;*baroque*
reducing;*reducing*
versailles;*versailles*
freckled;*freckled*
chantilly;*chantilly*
doormat;*doormat*
tire;*tire*
little;*little*
ground;*ground*
lake;*lake*
mosaic;*mosaic*
roboto;*roboto*
stains;*stains*
layer;*layer*
lines;*lines*
wavy;*wavy*
plasterboard;*plasterboard*
diamond;*diamond*
studded;*studded*
rend;*rend*
copped;*copped*
woff;*woff*
